VideoID,Title,Description
zhEWqfP6V_w,THE GREATEST FINAL EVER?! | Argentina v France | FIFA World Cup Qatar 2022 Highlights,"Watch highlights of Argentina v France's Final at the FIFA World Cup Qatar 2022. 

Get all the highlights from Qatar 2022 on FIFA+ ðŸ‘‰ https://goto.fifa.com/nxRf/a3c6b7ad

Follow FIFA World Cup & FIFA Women's World Cup: 
ðŸ‘‰ https://www.instagram.com/fifaworldcup 
ðŸ‘‰ https://www.instagram.com/fifaworldcup 
ðŸ‘‰ https://twitter.com/FIFAWorldCup 
ðŸ‘‰ https://twitter.com/FIFAWWC 
ðŸ‘‰ https://www.facebook.com/fifaworldcup 
ðŸ‘‰ https://www.facebook.com/fifawomensworldcup"
